,cant_clusters,coeficiente_silueta
0,2,0.4172791289245163
1,3,0.5039014903639526
2,4,0.43057631276938785
3,5,0.44976901761026955
